Tm,Stadium,Total,Home,Away,Week 1,Week 2,Week 3,Week 4,Week 5,Week 6,Week 7,Week 8,Week 9,Week 10,Week 11,Week 12,Week 13,Week 14,Week 15,Week 16,Week 17,Week 18
Arizona Cardinals,State Farm Stadium,285311,63191,222120,70540,63191,70687,80893,,,,,,,,,,Bye,,,,
Atlanta Falcons,Mercedes-Benz Stadium,284194,71143,213051,66089,71143,76955,70007,,,,,,,Bye,,,,,,,
Baltimore Ravens,M&T Bank Stadium,278375,140538,137837,65045,70437,72792,70101,,,,,,,,,Bye,,,,,
Buffalo Bills,Highmark Stadium (II),252619,181611,71008,71008,60644,60361,60606,,,Bye,,,,,,,,,,,
Carolina Panthers,Bank of America Stadium,282199,146033,136166,72597,71143,65023,73436,Bye,,,,,,,,,,,,,
Chicago Bears,Soldier Field,250801,178204,72597,72597,58914,59588,59702,,,,,,Bye,,,,,,,,
Cincinnati Bengals,Paycor Stadium,270813,133250,137563,66625,70747,66816,66625,,Bye,,,,,,,,,,,,
Cleveland Browns,Huntington Bank Field,235726,133179,102547,41156,61391,65023,68156,,,,,,,Bye,,,,,,,
Dallas Cowboys,AT&T Stadium,320493,165980,154513,83286,93188,72792,71227,,,,,,,,,,Bye,,,,
Denver Broncos,Empower Field at Mile High,297124,152805,144319,73543,76472,76333,70776,,,,,,Bye,,,,,,,,
Detroit Lions,Ford Field,260170,126090,134080,62897,60644,63193,73436,,Bye,,,,,,,,,,,,
Green Bay Packers,Lambeau Field,284036,76955,207081,66940,78674,76955,61467,,,,,,,Bye,,,,,,,
Houston Texans,Reliant Stadium,276382,212982,63400,71008,70747,63400,71227,,,,Bye,,,,,,,,,,
Indianapolis Colts,Lucas Oil Stadium,262703,128445,134258,65045,73351,63400,60907,,,,,,,,,Bye,,,,,
Jacksonville Jaguars,EverBank Stadium,226409,83312,143097,41156,76472,42156,66625,,,Bye,,,,,,,,,,,
Kansas City Chiefs,Arrowhead Stadium,268703,146894,121809,73543,73351,59216,62593,Bye,,,,,,,,,,,,,
Las Vegas Raiders,Allegiant Stadium,266707,125134,141573,62541,71567,70006,62593,,,,,,,,,Bye,,,,,
Los Angeles Chargers,SoFi Stadium,271159,142107,129052,70540,71567,60361,68691,,,Bye,,,,,,,,,,,
Los Angeles Rams,SoFi Stadium,320006,173794,146212,100021,73773,76333,69879,,,,,,,Bye,,,,,,,
Miami Dolphins,Hard Rock Stadium,259387,59216,200171,62541,70878,59216,66752,,Bye,,,,,,,,,,,,
Minnesota Vikings,U.S. Bank Stadium,253818,133692,120126,66940,58914,61212,66752,,Bye,,,,,,,,,,,,
New England Patriots,Gillette Stadium,236134,64628,171506,68744,64628,42156,60606,,,,,,,Bye,,,,,,,
New Orleans Saints,Caesars Superdome,273347,140013,133334,62897,70437,70006,70007,,,,Bye,,,,,,,,,,
New York Giants,MetLife Stadium,317871,244098,73773,83286,73773,79919,80893,,,,Bye,,,,,,,,,,
New York Jets,MetLife Stadium,265905,78674,187231,64336,78674,63193,59702,,,,,,,,,Bye,,,,,
Philadelphia Eagles,Lincoln Financial Field,267913,139758,128155,69879,68567,59588,69879,,,,,,Bye,,,,,,,,
Pittsburgh Steelers,Acrisure Stadium,265689,132905,132784,66089,64628,66816,68156,,,,,Bye,,,,,,,,,
San Francisco 49ers,Levi's Stadium,312362,212341,100021,100021,70878,70687,70776,,,,Bye,,,,,,,,,,
Seattle Seahawks,Lumen Field,264653,137435,127218,68744,63191,64027,68691,,,,,,,Bye,,,,,,,
Tampa Bay Buccaneers,Raymond James Stadium,250695,184070,66625,66625,61391,61212,61467,,,,,,Bye,,,,,,,,
Tennessee Titans,Nissan Stadium,282923,132903,150020,64336,68567,79919,70101,,,,,Bye,,,,,,,,,
Washington Commanders,Northwest Stadium,288001,124934,163067,69879,93188,64027,60907,,,Bye,,,,,,,,,,,
,,4366314,,,1105247,1127565,1051684,1081818,,,,,,,,,,,,,,
