row_number,slug,name,teams,city,state,state_code,capacity,opened,roof,surface,latitude,longitude,coordinates,summary,future_note,page_path
1,acrisure-stadium,Acrisure Stadium,Pittsburgh Steelers,Pittsburgh,Pennsylvania,PA,68400,2001,Open-air,Kentucky bluegrass,40.4468,-80.0158,"40.4468 N, 80.0158 W",Acrisure Stadium sits on Pittsburgh's North Shore and is known for its open end facing the downtown skyline.,,/stadiums/acrisure-stadium
2,allegiant-stadium,Allegiant Stadium,Las Vegas Raiders,Paradise,Nevada,NV,65000,2020,Fixed translucent roof,Natural grass tray,36.0908,-115.183,"36.0908 N, 115.1830 W",Allegiant Stadium uses a movable natural grass field tray and sits just west of the Las Vegas Strip.,,/stadiums/allegiant-stadium
3,att-stadium,AT&T Stadium,Dallas Cowboys,Arlington,Texas,TX,80000,2009,Retractable roof,Artificial turf,32.7473,-97.0945,"32.7473 N, 97.0945 W",AT&T Stadium is one of the NFL's largest venues by listed football capacity and has a major retractable roof.,,/stadiums/att-stadium
4,bank-of-america-stadium,Bank of America Stadium,Carolina Panthers,Charlotte,North Carolina,NC,74867,1996,Open-air,FieldTurf,35.2258,-80.8528,"35.2258 N, 80.8528 W","Bank of America Stadium anchors uptown Charlotte and is used for NFL, soccer, concerts, and major events.",,/stadiums/bank-of-america-stadium
5,caesars-superdome,Caesars Superdome,New Orleans Saints,New Orleans,Louisiana,LA,73208,1975,Dome,Artificial turf,29.9509,-90.0812,"29.9509 N, 90.0812 W",The Caesars Superdome is one of the NFL's most recognizable domed stadiums and a frequent major-event venue.,,/stadiums/caesars-superdome
6,empower-field-at-mile-high,Empower Field at Mile High,Denver Broncos,Denver,Colorado,CO,76125,2001,Open-air,Kentucky bluegrass,39.7439,-105.0201,"39.7439 N, 105.0201 W",Empower Field at Mile High is known for its elevation and sits near downtown Denver.,,/stadiums/empower-field-at-mile-high
7,everbank-stadium,EverBank Stadium,Jacksonville Jaguars,Jacksonville,Florida,FL,69132,1995,Open-air,Natural grass,30.3239,-81.6373,"30.3239 N, 81.6373 W","EverBank Stadium sits near the St. Johns River and has hosted NFL games, college football, and international soccer.",,/stadiums/everbank-stadium
8,ford-field,Ford Field,Detroit Lions,Detroit,Michigan,MI,65000,2002,Dome,FieldTurf,42.3401,-83.0456,"42.3401 N, 83.0456 W",Ford Field is a downtown Detroit indoor stadium integrated with a former warehouse facade.,,/stadiums/ford-field
9,arrowhead-stadium,GEHA Field at Arrowhead Stadium,Kansas City Chiefs,Kansas City,Missouri,MO,76416,1972,Open-air,Bermuda grass,39.0489,-94.4839,"39.0489 N, 94.4839 W",Arrowhead is one of the NFL's longest-running current stadiums and is famous for crowd noise.,,/stadiums/arrowhead-stadium
10,gillette-stadium,Gillette Stadium,New England Patriots,Foxborough,Massachusetts,MA,66829,2002,Open-air,FieldTurf,42.0909,-71.2643,"42.0909 N, 71.2643 W","Gillette Stadium is part of the Patriot Place development in Foxborough, southwest of Boston.",,/stadiums/gillette-stadium
11,hard-rock-stadium,Hard Rock Stadium,Miami Dolphins,Miami Gardens,Florida,FL,65326,1987,Open-air canopy,Natural grass,25.958,-80.2389,"25.9580 N, 80.2389 W","Hard Rock Stadium has an open-air canopy and hosts NFL games, college football, tennis, soccer, and concerts.",,/stadiums/hard-rock-stadium
12,highmark-stadium,Highmark Stadium,Buffalo Bills,Orchard Park,New York,NY,63100,2026,Open-air canopy,Kentucky bluegrass,42.7738,-78.787,"42.7738 N, 78.7870 W","Highmark Stadium is the Bills' new football-first venue in Orchard Park, designed to open for the 2026 NFL season.",Replaces the former Highmark Stadium used by the Buffalo Bills from 1973 through the 2025 season.,/stadiums/highmark-stadium
13,huntington-bank-field,Huntington Bank Field,Cleveland Browns,Cleveland,Ohio,OH,67431,1999,Open-air,Kentucky bluegrass,41.5061,-81.6995,"41.5061 N, 81.6995 W",Huntington Bank Field sits on Cleveland's lakefront near the Rock and Roll Hall of Fame.,A new enclosed Huntington Bank Field in Brook Park is under construction and is set to become the Browns' home in 2029.,/stadiums/huntington-bank-field
14,lambeau-field,Lambeau Field,Green Bay Packers,Green Bay,Wisconsin,WI,81441,1957,Open-air,Hybrid grass,44.5013,-88.0622,"44.5013 N, 88.0622 W",Lambeau Field is the NFL's oldest continuously used stadium by a current team.,,/stadiums/lambeau-field
15,levis-stadium,Levi's Stadium,San Francisco 49ers,Santa Clara,California,CA,68500,2014,Open-air,Natural grass,37.403,-121.9702,"37.4030 N, 121.9702 W",Levi's Stadium is in Santa Clara and serves the 49ers in the South Bay rather than inside San Francisco.,,/stadiums/levis-stadium
16,lincoln-financial-field,Lincoln Financial Field,Philadelphia Eagles,Philadelphia,Pennsylvania,PA,69596,2003,Open-air,Hybrid grass,39.9008,-75.1675,"39.9008 N, 75.1675 W",Lincoln Financial Field is part of Philadelphia's South Philadelphia sports complex.,,/stadiums/lincoln-financial-field
17,lucas-oil-stadium,Lucas Oil Stadium,Indianapolis Colts,Indianapolis,Indiana,IN,67000,2008,Retractable roof,Artificial turf,39.7601,-86.1639,"39.7601 N, 86.1639 W",Lucas Oil Stadium has a retractable roof and large north-facing window overlooking downtown Indianapolis.,,/stadiums/lucas-oil-stadium
18,lumen-field,Lumen Field,Seattle Seahawks,Seattle,Washington,WA,69000,2002,Open-air canopy,FieldTurf,47.5952,-122.3316,"47.5952 N, 122.3316 W",Lumen Field is known for its steep seating bowl and loud football atmosphere near downtown Seattle.,,/stadiums/lumen-field
19,mt-bank-stadium,M&T Bank Stadium,Baltimore Ravens,Baltimore,Maryland,MD,71008,1998,Open-air,Bermuda grass,39.278,-76.6227,"39.2780 N, 76.6227 W",M&T Bank Stadium is part of Baltimore's Camden Yards sports district.,,/stadiums/mt-bank-stadium
20,mercedes-benz-stadium,Mercedes-Benz Stadium,Atlanta Falcons,Atlanta,Georgia,GA,71000,2017,Retractable roof,Artificial turf,33.7554,-84.4009,"33.7554 N, 84.4009 W",Mercedes-Benz Stadium is known for its retractable roof and circular halo video board.,,/stadiums/mercedes-benz-stadium
21,metlife-stadium,MetLife Stadium,New York Giants / New York Jets,East Rutherford,New Jersey,NJ,82500,2010,Open-air,Artificial turf,40.8135,-74.0745,"40.8135 N, 74.0745 W",MetLife Stadium is shared by the Giants and Jets and is the largest current NFL venue by listed capacity.,,/stadiums/metlife-stadium
22,nissan-stadium,Nissan Stadium,Tennessee Titans,Nashville,Tennessee,TN,69143,1999,Open-air,Bermuda grass,36.1665,-86.7713,"36.1665 N, 86.7713 W",Nissan Stadium sits across the Cumberland River from downtown Nashville.,The Titans are building a replacement domed stadium planned for 2027.,/stadiums/nissan-stadium
23,northwest-stadium,Northwest Stadium,Washington Commanders,Landover,Maryland,MD,64000,1997,Open-air,Bermuda grass,38.9077,-76.8645,"38.9077 N, 76.8645 W","Northwest Stadium is the Commanders' current home in Landover, Maryland.","The Commanders have announced a planned new stadium project in Washington, D.C. for 2030.",/stadiums/northwest-stadium
24,nrg-stadium,NRG Stadium,Houston Texans,Houston,Texas,TX,72220,2002,Retractable roof,Artificial turf,29.6847,-95.4107,"29.6847 N, 95.4107 W",NRG Stadium was the NFL's first retractable-roof stadium built for football.,,/stadiums/nrg-stadium
25,paycor-stadium,Paycor Stadium,Cincinnati Bengals,Cincinnati,Ohio,OH,65515,2000,Open-air,Artificial turf,39.0955,-84.516,"39.0955 N, 84.5160 W",Paycor Stadium sits on Cincinnati's riverfront along the Ohio River.,,/stadiums/paycor-stadium
26,raymond-james-stadium,Raymond James Stadium,Tampa Bay Buccaneers,Tampa,Florida,FL,65890,1998,Open-air,Bermuda grass,27.9759,-82.5033,"27.9759 N, 82.5033 W",Raymond James Stadium is known for its pirate ship feature and warm-weather open-air design.,,/stadiums/raymond-james-stadium
27,sofi-stadium,SoFi Stadium,Los Angeles Rams / Los Angeles Chargers,Inglewood,California,CA,70000,2020,Fixed canopy,Artificial turf,33.9535,-118.3392,"33.9535 N, 118.3392 W",SoFi Stadium is shared by the Rams and Chargers and anchors the Hollywood Park development in Inglewood.,,/stadiums/sofi-stadium
28,soldier-field,Soldier Field,Chicago Bears,Chicago,Illinois,IL,61500,1924,Open-air,Kentucky bluegrass,41.8623,-87.6167,"41.8623 N, 87.6167 W",Soldier Field is the smallest current NFL stadium by listed football capacity and one of the league's oldest venues.,The Bears continue to explore long-term stadium options in the Chicago area.,/stadiums/soldier-field
29,state-farm-stadium,State Farm Stadium,Arizona Cardinals,Glendale,Arizona,AZ,63400,2006,Retractable roof,Natural grass tray,33.5276,-112.2626,"33.5276 N, 112.2626 W",State Farm Stadium combines a retractable roof with a roll-out natural grass field.,,/stadiums/state-farm-stadium
30,us-bank-stadium,U.S. Bank Stadium,Minnesota Vikings,Minneapolis,Minnesota,MN,66655,2016,Fixed roof,Artificial turf,44.9738,-93.2581,"44.9738 N, 93.2581 W",U.S. Bank Stadium is an indoor venue with a steep translucent roof near downtown Minneapolis.,,/stadiums/us-bank-stadium
