Week,Day,Date,time,,Won,OT,home/away,Opp,Tm,Opp,1stD,TotYd,PassY,RushY,TO,1stD,TotYd,PassY,RushY,TO,Offense,Defense,Sp. Tms
1,Sun,9/7/2025,4:25PM ET,boxscore,W,,,Detroit Lions,27,13,14,266,188,78,,16,246,200,46,1,11.63,1.14,3.37
2,Thu,9/11/2025,8:15PM ET,boxscore,W,,,Washington Commanders,27,18,22,404,269,135,,15,230,179,51,,8.82,12.8,-6.35
3,Sun,9/21/2025,1:00PM ET,boxscore,L,,@,Cleveland Browns,10,13,14,230,149,81,1,15,221,125,96,1,-7.43,5.5,-1.92
4,Sun,9/28/2025,8:20PM ET,boxscore,T,OT,@,Dallas Cowboys,40,40,32,489,325,164,1,26,436,319,117,,27.91,-23.86,-0.46
6,Sun,10/12/2025,4:25PM ET,boxscore,W,,,Cincinnati Bengals,27,18,24,409,256,153,1,20,268,213,55,,16.53,-5.46,-2.27
7,Sun,10/19/2025,4:25PM ET,boxscore,W,,@,Arizona Cardinals,27,23,19,262,168,94,,23,330,236,94,1,9.17,-5.06,-0.05
8,Sun,10/26/2025,8:20PM ET,boxscore,W,,@,Pittsburgh Steelers,35,25,22,454,360,94,,16,295,202,93,1,22.81,2.91,-12.08
9,Sun,11/2/2025,1:00PM ET,boxscore,L,,,Carolina Panthers,13,16,20,369,265,104,2,19,265,102,163,1,5.28,-6.92,-1.36
10,Mon,11/10/2025,8:15PM ET,boxscore,L,,,Philadelphia Eagles,7,10,18,261,157,104,2,13,294,183,111,1,-7.43,5.03,0.2
11,Sun,11/16/2025,1:00PM ET,boxscore,W,,@,New York Giants,27,20,19,296,168,128,,22,336,194,142,2,17.66,-10.68,-1.11
12,Sun,11/23/2025,1:00PM ET,boxscore,W,,,Minnesota Vikings,23,6,22,288,142,146,,10,145,52,93,3,4.8,14.4,0.76
13,Thu,11/27/2025,1:00PM ET,boxscore,W,,@,Detroit Lions,31,24,18,359,234,125,,20,352,233,119,,21.08,-11.11,-1.51
14,Sun,12/7/2025,4:25PM ET,boxscore,W,,,Chicago Bears,28,21,17,337,220,117,1,21,315,177,138,1,14.34,-5.74,-2.53
15,Sun,12/14/2025,4:25PM ET,boxscore,L,,@,Denver Broncos,26,34,19,362,247,115,2,21,391,302,89,1,4.41,-11.99,-2.57
16,Sat,12/20/2025,8:20PM ET,boxscore,L,OT,@,Chicago Bears,16,22,24,384,192,192,1,20,400,250,150,,6.81,-7.61,-6.85
17,Sat,12/27/2025,8:00PM ET,boxscore,L,,,Baltimore Ravens,24,41,18,363,284,79,2,30,414,107,307,,7.73,-27.78,1.4
18,Sun,1/4/2026,1:00PM ET,boxscore,L,,@,Minnesota Vikings,3,16,12,121,-7,128,,23,363,226,137,1,-13.04,-6.17,5.75
19,Sat,1/10/2026,8:00PM ET,boxscore,L,,@,Chicago Bears,27,31,21,421,322,99,,24,445,352,93,2,16.37,-11.61,-4.37
